Workbook
Name _xlfn_AGGREGATE: none
Name _xlfn_AVERAGEIF: none

Sheet Bia
L1: BM.01_Du toan kinh phi nhiem vu KHCN
A2: TẬP ĐOÀN CÔNG NGHIỆP-VIỄN THÔNG QUÂN ĐỘI | I2: CỘNG HOÀ XÃ HỘI CHỦ NGHĨA VIỆT NAM
A3: ĐƠN VỊ CHỦ TRÌ NHIỆM VỤ | I3: Độc lập - Tự do - Hạnh phúc
A8: HỒ SƠ DỰ TOÁN KINH PHÍ THỰC HIỆN NHIỆM VỤ KHOA HỌC VÀ CÔNG NGHỆ
A9: ="Nhiệm vụ:"&'Tong hop'!D6 -> Nhiệm vụ:Nghiên cứu làm chủ thiết bị Băng tần 5G BBU / gNodeB
H28: =IF(E28=7,"b¶y tr¨m ",IF(E28=8,"t¸m tr¨m ",IF(E28=9,"chÝn tr¨m ",IF(E27<>0,"kh«ng tr¨m ",I28)))) -> 0

Sheet Trang ky
A2: TẬP ĐOÀN CÔNG NGHIỆP-VIỄN THÔNG QUÂN ĐỘI | I2: CỘNG HOÀ XÃ HỘI CHỦ NGHĨA VIỆT NAM
A3: ĐƠN VỊ CHỦ TRÌ NHIỆM VỤ | I3: Độc lập - Tự do - Hạnh phúc
A8: HỒ SƠ DỰ TOÁN KINH PHÍ THỰC HIỆN NHIỆM VỤ KHOA HỌC VÀ CÔNG NGHỆ
A9: ="Nhiệm vụ:"&'Tong hop'!D6 -> Nhiệm vụ:Nghiên cứu làm chủ thiết bị Băng tần 5G BBU / gNodeB
E11: GIÁ TRỊ DỰ TOÁN: | G11: ='Tong hop'!H29 -> 15000000 | I11: VND
C12: Bằng chữ: | E12: ='Tong hop'!A31:I31 -> 0
A14: CHỦ NHIỆM NHIỆM VỤ | I14: ĐƠN VỊ CHỦ TRÌ NHIỆM VỤ
A15: (Họ tên và chữ ký) | I15: (Ký tên, đóng dấu)
H28: =IF(E28=7,"b¶y tr¨m ",IF(E28=8,"t¸m tr¨m ",IF(E28=9,"chÝn tr¨m ",IF(E27<>0,"kh«ng tr¨m ",I28)))) -> 0

Sheet Can cu lap
C2: TẬP ĐOÀN CÔNG NGHIỆP-VIỄN THÔNG QUÂN ĐỘI | K2: CỘNG HOÀ XÃ HỘI CHỦ NGHĨA VIỆT NAM
C3: Đơn vị chủ trì nhiệm vụ | K3: Độc lập - Tự do - Hạnh phúc
C4: Nhiệm vụ KHCN: Nghiên cứu làm chủ thiết bị Băng tần 5G BBU / gNodeB
C5: CĂN CỨ LẬP DỰ TOÁN
C6: Nhiệm vụ KHCN:…
B7: - Căn cứ vào Quy chế Khoa học và công nghệ của Tập đoàn; - Căn cứ vào Quy chế trích lập, sử dụng Quỹ phát triển KHCN Tập đoàn - Căn cứ vào Quy định xây dựng dự toán nhiệm vụ KHCN... - Căn cứ khác...;
B8: 1. | C8: Chi phí nhân công trực tiếp:
C9: - Cơ sở dự kiến số lượng, chi phí theo từng nội dung công việc: - Cơ sở giá: + Cơ quan tổ chức nhân lực của đơn vị chủ trì hướng dẫn xây dựng chi phí nhân công (theo mức lương, các khoản phụ cấp theo lương và các chi phí khác) đối với nhân sự đã xác định đích danh + Đối với các chức danh chưa xác định được đích danh người thực hiện nhiệm vụ tại thời điểm lập dự toán, cần phải nêu rõ tiêu chuẩn về năng lực, kinh nghiệm chuyên môn cần thiết (tương ứng với bậc lương HRL theo quy chế lương của Tập đoàn/đơn vị) cho từng chức danh và từng mức lương trong dự toán. Cơ quan tổ chức nhân lực của đơn vị cung cấp đơn giá tháng công tạm tính áp dụng cho từng chức danh theo tiêu chuẩn năng lực, kinh nghiệm tương ứng để làm cơ sở xây dựng dự toán
B10: 2. | C10: Chi nguyên liệu, vật liệu:
C11: - Mục đích sử dụng: - Cơ sở ước tính số lượng, khối lượng: - Cơ sở giá:
B12: 3. | C12: Chi tài sản cố định và khấu hao tài sản cố định:
C13: - Mục đích sử dụng: - Cơ sở dự kiến số lượng, khối lượng: - Chỉ tiêu thông số kỹ thuật: - Cơ sở về giá:
B14: 4. | C14: Chi dịch vụ thuê ngoài:
C15: - Mục đích sử dụng: - Cơ sở ước tính số lượng, khối lượng: - Cơ sở giá:
B16: 5. | C16: Chi khác phục vụ trực tiếp triển khai đề tài:
C17: - Mục đích sử dụng: - Cơ sở ước tính số lượng, khối lượng: - Cơ sở giá:
B18: 6. | C18: Chi quản lý đề tài
C19: - Mục đích: - Cơ sở xác định đơn giá:

Sheet Tong hop
A3: TỔNG HỢP DỰ TOÁN KINH PHÍ NHIỆM VỤ KHOA HỌC VÀ CÔNG NGHỆ
C6: Tên nhiệm vụ: | D6: Nghiên cứu làm chủ thiết bị Băng tần 5G BBU / gNodeB
C7: Nguồn vốn: | D7: Quỹ Phát triển KHCN Viettel
C8: Loại nhiệm vụ: | D8: Dự án KHCN cấp Tập đoàn
H9: ĐVT: 1.000 VND
A10: STT | B10: NỘI DUNG CÁC KHOẢN CHI | E10: PHỤ LỤC | F10: TIỀN HÀNG (Trước thuế GTGT) | G10: Thuế GTGT | H10: THÀNH TIỀN (Đã bao gồm thuế GTGT) | I10: Tỷ lệ (%)
A11: (a) | B11: (b) | E11: (c) | F11: (1) | G11: (2) | H11: (3)=(1)+(2) | I11: (4)
A12: 1 | B12: Chi nhân công trực tiếp | E12: Phụ lục 1 | F12: ='PL1'!G16 -> 4500000 | G12: =0 -> 0 | H12: =F12+G12 -> 4500000 | I12: =IF(H29=0,0,ROUND(H12/H29*100,1)) -> 30
A13: 2 | B13: Chi nguyên liệu, vật liệu | E13: Phụ lục 2 | F13: ='PL2'!J17 -> 3000000 | G13: =0 -> 0 | H13: =F13+G13 -> 3000000 | I13: =IF(H29=0,0,ROUND(H13/H29*100,1)) -> 20
A14: 2.1 | B14: Chi phí trực tiếp phục vụ hoạt động nghiên cứu | F14: =ROUND(F13*0.85,0) -> 2550000 | G14: =0 -> 0 | H14: =F14+G14 -> 2550000 | I14: =IF(H29=0,0,ROUND(H14/H29*100,1)) -> 17
A15: 2.2 | B15: Chi phí chuyển giao và tiếp nhận công nghệ | F15: =F13-F14 -> 450000 | G15: =0 -> 0 | H15: =F15+G15 -> 450000 | I15: =IF(H29=0,0,ROUND(H15/H29*100,1)) -> 3
A16: 3 | B16: Chi công cụ dụng cụ và khấu hao tài sản cố định | E16: Phụ lục 3 | F16: ='PL3'!H21 -> 3750000 | G16: =0 -> 0 | H16: =F16+G16 -> 3750000 | I16: =IF(H29=0,0,ROUND(H16/H29*100,1)) -> 25
A17: 3.1 | B17: Chi công cụ dụng cụ | F17: =SUM('PL3'!H9:H13) -> 1500000 | G17: =0 -> 0 | H17: =F17+G17 -> 1500000 | I17: =IF(H29=0,0,ROUND(H17/H29*100,1)) -> 10
A18: 3.2 | B18: Chi khấu hao tài sản cố định | F18: =SUM('PL3'!H16:H20) -> 2250000 | G18: =0 -> 0 | H18: =F18+G18 -> 2250000 | I18: =IF(H29=0,0,ROUND(H18/H29*100,1)) -> 15
A19: 4 | B19: Chi dịch vụ thuê ngoài | E19: Phụ lục 4 | F19: ='PL4'!H14 -> 1500000 | G19: =0 -> 0 | H19: =F19+G19 -> 1500000 | I19: =IF(H29=0,0,ROUND(H19/H29*100,1)) -> 10
A20: 4.1 | B20: Chi phí thuê ngoài trực tiếp phục vụ hoạt động nghiên cứu, phát triển | F20: =ROUND(F19*0.2,0) -> 300000 | G20: =0 -> 0 | H20: =F20+G20 -> 300000 | I20: =IF(H29=0,0,ROUND(H20/H29*100,1)) -> 2
A21: 4.2 | B21: Chi phí thử nghiệm và kiểm định | F21: =ROUND(F19*0.5,0) -> 750000 | G21: =0 -> 0 | H21: =F21+G21 -> 750000 | I21: =IF(H29=0,0,ROUND(H21/H29*100,1)) -> 5
A22: 4.3 | B22: Chi phí dịch vụ nghiên cứu, phát triển | F22: =ROUND(F19*0.25,0) -> 375000 | G22: =0 -> 0 | H22: =F22+G22 -> 375000 | I22: =IF(H29=0,0,ROUND(H22/H29*100,1)) -> 2.5
A23: 4.4 | B23: Chi phí thuê ngoài khác gắn trực tiếp và hợp lý với nhiệm vụ KHCN | F23: =F19-F20-F21-F22 -> 75000 | G23: =0 -> 0 | H23: =F23+G23 -> 75000 | I23: =IF(H29=0,0,ROUND(H23/H29*100,1)) -> 0.5
A24: 5 | B24: Chi khác phục vụ trực tiếp triển khai nhiệm vụ KH&CN | E24: Phụ lục 5 | F24: ='PL5'!H16 -> 750000 | G24: =0 -> 0 | H24: =F24+G24 -> 750000 | I24: =IF(H29=0,0,ROUND(H24/H29*100,1)) -> 5
A25: 6 | B25: Chi quản lý nhiệm vụ KHCN | E25: Phụ lục 6 | F25: ='PL6'!H14 -> 750000 | G25: =0 -> 0 | H25: =F25+G25 -> 750000 | I25: =IF(H29=0,0,ROUND(H25/H29*100,1)) -> 5
A26: 6.1 | B26: Chi quản lý chung nhiệm vụ KHCN | F26: =ROUND(F25*0.6,0) -> 450000 | G26: =0 -> 0 | H26: =F26+G26 -> 450000 | I26: =IF(H29=0,0,ROUND(H26/H29*100,1)) -> 3
A27: 6.2 | B27: Chi đánh giá, nghiệm thu nhiệm vụ KHCN | F27: =F25-F26 -> 300000 | G27: =0 -> 0 | H27: =F27+G27 -> 300000 | I27: =IF(H29=0,0,ROUND(H27/H29*100,1)) -> 2
A28: 7 | B28: Chi phí dự phòng | F28: =15000000-F12-F13-F16-F19-F24-F25 -> 750000 | G28: =0 -> 0 | H28: =F28+G28 -> 750000 | I28: =IF(H29=0,0,ROUND(H28/H29*100,1)) -> 5
B29: TỔNG CỘNG | F29: =F12+F13+F16+F19+F24+F25+F28 -> 15000000 | G29: =G12+G13+G16+G19+G24+G25+G28 -> 0 | H29: =H12+H13+H16+H19+H24+H25+H28 -> 15000000 | I29: 100
A31: Bằng chữ: Mười lăm tỷ đồng chẵn./.
A32: (*) Trong đó: | C32: - Giá trị chi tiêu Quỹ Phát triển KHCN Viettel: | D32: =H29 -> 15000000
C33: - Còn lại (Các khoản mua từ nguồn Quỹ phát triển KHCN của hoạt động KHCN & ĐMST khác):
A35: Lưu ý: Các khoản chi không phát sinh: có thể xóa đi; và có thể chi tiết các khoản chi (nếu cần thiết làm rõ)
A36: (*) Trình bày trong trường hợp phát sinh khoản mua từ nguồn Quỹ phát triển KHCN của hoạt động KHCN & ĐMST khác

Sheet PL1
A2: PHỤ LỤC 1
A3: Khoản mục: Chi nhân công trực tiếp
H5: ĐVT: 1.000 VND
A6: TT | B6: Hạng mục chi phí | D6: Đơn vị tính | E6: Số lượng | F6: Đơn giá trung bình | G6: Thành Tiền | H6: Ghi chú (Ghi các thông tin về số lượng nhân sự dự kiến thực hiện mỗi nội dung công việc, vai trò thực hiện, căn cứ xây dựng chi phí nhân công...)
A7: (a) | B7: (b) | D7: (c) | E7: (1) | F7: (2)=(3)/(1) | G7: (4) | H7: (5)
A8: 1 | B8: Chủ nhiệm nhiệm vụ / NCV chính (Level chuyên gia) | D8: man-month | E8: 18 | F8: 40000 | G8: =E8*F8 -> 720000 | H8: 1 người × 18 tháng; điều hành KT, chịu trách nhiệm chỉ tiêu RF/IOT
A9: 2 | B9: Kỹ sư thiết kế HW chính (SoC ARM+FPGA, PCB) | D9: man-month | E9: 30 | F9: 25000 | G9: =E9*F9 -> 750000 | H9: ≈1,7 FTE × 18 tháng; schematic, layout 12–16 lớp, SI/PI, BOM
A10: 3 | B10: Kỹ sư SW nhúng / Firmware (L1 PHY, HAL, driver) | D10: man-month | E10: 40 | F10: 22000 | G10: =E10*F10 -> 880000 | H10: ≈2,2 FTE × 18 tháng; PHY FPGA, HAL, BSP Linux RT
A11: 4 | B11: Kỹ sư L2/MAC & O-RAN stack (eCPRI, O1) | D11: man-month | E11: 30 | F11: 22000 | G11: =E11*F11 -> 660000 | H11: ≈1,7 FTE × 18 tháng; MAC, Open Fronthaul, quản lý
A12: 5 | B12: Kỹ sư đo kiểm RF & hệ thống (TS 38.141, IOT) | D12: man-month | E12: 30 | F12: 22000 | G12: =E12*F12 -> 660000 | H12: ≈1,7 FTE × 18 tháng; EVM, soak 72h, IOT O-RU, báo cáo
A13: 6 | B13: Kỹ sư tích hợp hệ thống / bring-up | D13: man-month | E13: 18 | F13: 20000 | G13: =E13*F13 -> 360000 | H13: 1 người × 18 tháng; board bring-up, tích hợp HW-SW
A14: 7 | B14: Quản lý dự án / Thư ký nhiệm vụ | D14: man-month | E14: 20 | F14: 14500 | G14: =E14*F14 -> 290000 | H14: ≈1,1 FTE × 18 tháng; tiến độ, hồ sơ, nghiệm thu
A15: 8 | B15: Chuyên gia tư vấn O-RAN/3GPP (bán thời gian) | D15: man-month | E15: 6 | F15: 30000 | G15: =E15*F15 -> 180000 | H15: 6 MM; review kiến trúc, hỗ trợ IOT, training
B16: TỔNG CỘNG | E16: =SUM(E8:E15) -> 192 | G16: =SUM(G8:G15) -> 4500000

Sheet PL2
A2: PHỤ LỤC 2
A3: Khoản mục: Chi nguyên liệu, vật liệu
K5: ĐVT: 1.000 VND
A6: TT | B6: Hạng mục chi phí | C6: ĐVT | D6: Số lượng/ 1 Lần thử | E6: Số lần thử | F6: Dự phòng | G6: Đơn giá | H6: THÀNH TIỀN (Trước thuế GTGT) | I6: Thuế GTGT | J6: THÀNH TIỀN (Đã bao gồm thuế GTGT) | K6: Ghi chú (Ghi các thông tin về báo giá, đường dẫn tham khảo giá...)
A7: (a) | B7: (b) | C7: (c) | D7: (1) | E7: (2) | F7: (3) | G7: (4) | H7: (5)={(1)*(2)+(3)}*(4) | I7: (6) | J7: (7)=(5)+(6) | K7: (8)
A8: A | B8: Sản phẩm BBU 5G NR O-RAN – NVL nghiên cứu & chế thử
A9: 1 | B9: SoC ARM đa nhân (industrial) – mẫu + dự phòng | C9: bộ | D9: 15 | E9: 1 | F9: 0 | G9: 50000 | H9: =(D9*E9+F9)*G9 -> 750000 | I9: 0 | J9: =H9+I9 -> 750000
A10: 2 | B10: FPGA mid-range (PHY 100MHz 4T4R) | C10: bộ | D10: 10 | E10: 1 | F10: 2 | G10: 100000 | H10: =(D10*E10+F10)*G10 -> 1200000 | I10: 0 | J10: =H10+I10 -> 1200000
A11: 3 | B11: DDR4 / Flash / eMMC tốc độ cao | C11: bộ | D11: 20 | E11: 1 | F11: 0 | G11: 5000 | H11: =(D11*E11+F11)*G11 -> 100000 | I11: 0 | J11: =H11+I11 -> 100000
A12: 4 | B12: PCB 12–16 lớp impedance control (alpha/beta/final) | C12: tấm | D12: 25 | E12: 1 | F12: 5 | G12: 8000 | H12: =(D12*E12+F12)*G12 -> 240000 | I12: 0 | J12: =H12+I12 -> 240000
A13: 5 | B13: Linh kiện passive, power, clock, Ethernet PHY, connector | C13: lô | D13: 6 | E13: 1 | F13: 0 | G13: 50000 | H13: =(D13*E13+F13)*G13 -> 300000 | I13: 0 | J13: =H13+I13 -> 300000
A14: 6 | B14: Module quang SFP+/eCPRI, cáp fronthaul | C14: bộ | D14: 20 | E14: 1 | F14: 0 | G14: 5000 | H14: =(D14*E14+F14)*G14 -> 100000 | I14: 0 | J14: =H14+I14 -> 100000
A15: 7 | B15: Vật tư tiêu hao SMT, ESD, thử nghiệm | C15: lô | D15: 5 | E15: 1 | F15: 0 | G15: 32000 | H15: =(D15*E15+F15)*G15 -> 160000 | I15: 0 | J15: =H15+I15 -> 160000
A16: 8 | B16: Linh kiện RF phụ trợ / eval board | C16: lô | D16: 5 | E16: 1 | F16: 0 | G16: 30000 | H16: =(D16*E16+F16)*G16 -> 150000 | I16: 0 | J16: =H16+I16 -> 150000
B17: TỔNG CỘNG | H17: =SUM(H9:H16) -> 3000000 | J17: =SUM(J9:J16) -> 3000000

Sheet PL3
A2: PHỤ LỤC 3
A3: Khoản mục: Chi công cụ dụng cụ và khấu hao tài sản cố định
I5: ĐVT: 1.000 VND
A6: TT | B6: Hạng mục chi phí | C6: ĐVT | D6: Số lượng | E6: Đơn giá | F6: THÀNH TIỀN (Trước thuế GTGT) | G6: Thuế GTGT | H6: THÀNH TIỀN (Đã bao gồm thuế GTGT) | I6: Ghi chú (Ghi các thông tin về báo giá, đường dẫn tham khảo giá...)
A7: (a) | B7: (b) | C7: (c) | D7: (1) | E7: (2) | F7: (3)=(1)*(2) | G7: (4) | H7: (5)=(3)+(4) | I7: (6)
A8: I | B8: Công cụ dụng cụ (CCDC)
A9: 1 | B9: License EDA (Altium/Cadence) – 3 năm | C9: license | D9: 3 | E9: 100000 | F9: =D9*E9 -> 300000 | G9: 0 | H9: =F9+G9 -> 300000
A10: 2 | B10: License FPGA toolchain + SI/PI tool | C10: license | D10: 2 | E10: 150000 | F10: =D10*E10 -> 300000 | G10: 0 | H10: =F10+G10 -> 300000
A11: 3 | B11: Dụng cụ hàn, trạm ESD, kính hiển vi, bring-up kit | C11: bộ | D11: 5 | E11: 40000 | F11: =D11*E11 -> 200000 | G11: 0 | H11: =F11+G11 -> 200000
A12: 4 | B12: Workstation kỹ sư (dev) | C12: bộ | D12: 8 | E12: 50000 | F12: =D12*E12 -> 400000 | G12: 0 | H12: =F12+G12 -> 400000
A13: 5 | B13: DMM, nguồn DC, logic analyzer entry | C13: bộ | D13: 5 | E13: 60000 | F13: =D13*E13 -> 300000 | G13: 0 | H13: =F13+G13 -> 300000
A15: II | B15: Tài sản cố định (mua sắm phục vụ nhiệm vụ)
A16: 1 | B16: Signal Analyzer / VSA (đo EVM, spectrum) | C16: bộ | D16: 1 | E16: 900000 | F16: =D16*E16 -> 900000 | G16: 0 | H16: =F16+G16 -> 900000
A17: 2 | B17: Vector Signal Generator | C17: bộ | D17: 1 | E17: 600000 | F17: =D17*E17 -> 600000 | G17: 0 | H17: =F17+G17 -> 600000
A18: 3 | B18: Máy hiện sóng high-speed + probe | C18: bộ | D18: 2 | E18: 200000 | F18: =D18*E18 -> 400000 | G18: 0 | H18: =F18+G18 -> 400000
A19: 4 | B19: Nguồn programmable + buồng nhiệt lab | C19: bộ | D19: 1 | E19: 150000 | F19: =D19*E19 -> 150000 | G19: 0 | H19: =F19+G19 -> 150000
A20: 5 | B20: Máy chủ build / storage | C20: bộ | D20: 2 | E20: 100000 | F20: =D20*E20 -> 200000 | G20: 0 | H20: =F20+G20 -> 200000
B21: TỔNG CỘNG (CCDC + TSCĐ) | F21: =SUM(F9:F13)+SUM(F16:F20) -> 3750000 | H21: =SUM(H9:H13)+SUM(H16:H20) -> 3750000

Sheet PL4
A2: PHỤ LỤC 4
A3: Khoản mục: Chi dịch vụ thuê ngoài
I5: ĐVT: 1.000 VND
A6: TT | B6: Hạng mục chi phí | C6: ĐVT | D6: Số lượng | E6: Đơn giá | F6: THÀNH TIỀN (Trước thuế GTGT) | G6: Thuế GTGT | H6: THÀNH TIỀN (Đã bao gồm thuế GTGT) | I6: Ghi chú (Ghi các thông tin về báo giá, đường dẫn tham khảo giá...)
A7: (a) | B7: (b) | C7: (c) | D7: (1) | E7: (2) | F7: (3)=(1)*(2) | G7: (4) | H7: (5)=(3)+(4) | I7: (6)
A8: 1 | B8: Thuê đo kiểm / chứng nhận RF TS 38.141 (lab công nhận) | C8: gói | D8: 1 | E8: 600000 | F8: =D8*E8 -> 600000 | G8: 0 | H8: =F8+G8 -> 600000
A9: 2 | B9: Thuê đo EMC / an toàn điện | C9: gói | D9: 1 | E9: 200000 | F9: =D9*E9 -> 200000 | G9: 0 | H9: =F9+G9 -> 200000
A10: 3 | B10: Thuê tư vấn O-RAN / review kiến trúc (2 đợt) | C10: gói | D10: 2 | E10: 100000 | F10: =D10*E10 -> 200000 | G10: 0 | H10: =F10+G10 -> 200000
A11: 4 | B11: Thuê hạ tầng lab / cloud mô phỏng | C11: tháng | D11: 6 | E11: 30000 | F11: =D11*E11 -> 180000 | G11: 0 | H11: =F11+G11 -> 180000
A12: 5 | B12: Thuê gia công SMT / lắp ráp mẫu (AOI, X-ray) | C12: lô | D12: 4 | E12: 50000 | F12: =D12*E12 -> 200000 | G12: 0 | H12: =F12+G12 -> 200000
A13: 6 | B13: Hỗ trợ IOT với nhà cung cấp O-RU tham chiếu | C13: gói | D13: 1 | E13: 120000 | F13: =D13*E13 -> 120000 | G13: 0 | H13: =F13+G13 -> 120000
B14: TỔNG CỘNG | F14: =SUM(F8:F13) -> 1500000 | H14: =SUM(H8:H13) -> 1500000

Sheet PL5
A2: PHỤ LỤC 5
A3: Khoản mục: Chi khác phục vụ trực tiếp triển khai nhiệm vụ KHCN
I5: ĐVT: 1.000 VND
A6: TT | B6: Hạng mục chi phí | C6: ĐVT | D6: Số lượng | E6: Đơn giá | F6: THÀNH TIỀN (Trước thuế GTGT) | G6: Thuế GTGT | H6: THÀNH TIỀN (Đã bao gồm thuế GTGT) | I6: Ghi chú (Ghi các thông tin về báo giá, đường dẫn tham khảo giá...)
A7: (a) | B7: (b) | C7: (c) | D7: (1) | E7: (2) | F7: (3)=(1)*(2) | G7: (4) | H7: (5)=(3)+(4) | I7: (6)
A8: 1 | B8: Chi sở hữu trí tuệ (đăng ký nếu có) | C8: gói | D8: 1 | E8: 80000 | F8: =D8*E8 -> 80000 | G8: 0 | H8: =F8+G8 -> 80000
A9: 2 | B9: Chi đi công tác (IOT, lab, đối tác) | C9: lượt | D9: 10 | E9: 20000 | F9: =D9*E9 -> 200000 | G9: 0 | H9: =F9+G9 -> 200000
A10: 3 | B10: Chi hội thảo / training O-RAN, 3GPP, RF | C10: buổi | D10: 4 | E10: 30000 | F10: =D10*E10 -> 120000 | G10: 0 | H10: =F10+G10 -> 120000
A11: 4 | B11: Chi thông tin liên lạc, đường truyền lab | C11: tháng | D11: 18 | E11: 5000 | F11: =D11*E11 -> 90000 | G11: 0 | H11: =F11+G11 -> 90000
A12: 5 | B12: Chi văn phòng phẩm, in ấn hồ sơ | C12: tháng | D12: 18 | E12: 4000 | F12: =D12*E12 -> 72000 | G12: 0 | H12: =F12+G12 -> 72000
A13: 6 | B13: Chi điện, điều hòa lab ưu tiên | C13: tháng | D13: 18 | E13: 8000 | F13: =D13*E13 -> 144000 | G13: 0 | H13: =F13+G13 -> 144000
A14: 7 | B14: Chi công bố / whitepaper kỹ thuật | C14: gói | D14: 2 | E14: 20000 | F14: =D14*E14 -> 40000 | G14: 0 | H14: =F14+G14 -> 40000
A15: 8 | B15: Chi khác (dịch thuật, công chứng) | C15: gói | D15: 1 | E15: 4000 | F15: =D15*E15 -> 4000 | G15: 0 | H15: =F15+G15 -> 4000
B16: TỔNG CỘNG | F16: =SUM(F8:F15) -> 750000 | H16: =SUM(H8:H15) -> 750000
A30: 12 | B30: Chi cần thiết khác
B31: …
B32: TỔNG CỘNG

Sheet PL6
A2: PHỤ LỤC 6
A3: Khoản mục: Chi quản lý nhiệm vụ KHCN
I5: ĐVT: 1.000 VND
A6: TT | B6: Hạng mục chi phí | C6: ĐVT | D6: Số lượng | E6: Đơn giá | F6: THÀNH TIỀN (Trước thuế GTGT) | G6: Thuế GTGT | H6: THÀNH TIỀN (Đã bao gồm thuế GTGT) | I6: Ghi chú (Ghi các thông tin về báo giá, đường dẫn tham khảo giá...)
A7: (a) | B7: (b) | C7: (c) | D7: (1) | E7: (2) | F7: (3)=(1)*(2) | G7: (4) | H7: (5)=(3)+(4) | I7: (6)
A8: 1 | B8: Chi quản lý thực hiện nhiệm vụ (hành chính, giám sát tiến độ) | C8: tháng | D8: 18 | E8: 15000 | F8: =D8*E8 -> 270000 | G8: 0 | H8: =F8+G8 -> 270000
A9: 2 | B9: Chi họp đánh giá định kỳ / hội đồng tư vấn cấp Viện | C9: buổi | D9: 4 | E9: 20000 | F9: =D9*E9 -> 80000 | G9: 0 | H9: =F9+G9 -> 80000
A10: 3 | B10: Chi họp nghiệm thu cấp cơ sở và cấp Tập đoàn | C10: buổi | D10: 2 | E10: 100000 | F10: =D10*E10 -> 200000 | G10: 0 | H10: =F10+G10 -> 200000
A11: 4 | B11: Chi thuê chuyên gia phản biện / TV hội đồng ngoài | C11: người | D11: 6 | E11: 15000 | F11: =D11*E11 -> 90000 | G11: 0 | H11: =F11+G11 -> 90000
A12: 5 | B12: Chi tổ chức phục vụ nghiệm thu | C12: gói | D12: 2 | E12: 30000 | F12: =D12*E12 -> 60000 | G12: 0 | H12: =F12+G12 -> 60000
A13: 6 | B13: Chi quản lý chung phân bổ khác | C13: gói | D13: 1 | E13: 50000 | F13: =D13*E13 -> 50000 | G13: 0 | H13: =F13+G13 -> 50000
B14: TỔNG CỘNG | F14: =SUM(F8:F13) -> 750000 | H14: =SUM(H8:H13) -> 750000
